entity_id,entity_name,layer_id,adls_container_name,data_category,client_field,tool_name,extraction_type,update_mode,base_schema_name,base_table_name,base_sproc_name,axbi_database_name,axbi_schema_name,axbi_date_field_name,sproc_schema_name,sproc_name,source_schema_name,source_view_name,dest_schema_name,dest_table_name,execution_order,pk_field_names,schedule_recurrence,schedule_start_date,schedule_day
1,I_CostCenter_F,6,s4h-caa,DIMENSION,MANDT,Theobald,ODP,Full,base_s4h_cax,I_CostCenter,,,,,,,,,,,,"ControllingArea, CostCenter, ValidityEndDate",D,,
2,I_BillingBlockStatusText,6,s4h-caa,TEXT,MANDT,Theobald,Table,Full,base_s4h_cax,I_BillingBlockStatusText,,,,,,,,,,,,"BillingBlockStatus, Language",A,00:00.0,
3,I_ProfitCenterText,6,s4h-caa,TEXT,MANDT,Theobald,ODP,Full,base_s4h_cax,I_ProfitCenterText,,,,,,,,,,,,"Language, ControllingArea, ProfitCenter, ValidityEndDate",D,00:00.0,
4,I_GLAccountLineItemRawData,6,s4h-caa,CUBE,MANDT,Theobald,ODP,Delta,base_s4h_cax,I_GLAccountLineItemRawData,,,,,,,,,,,,"TS_SEQUENCE_NUMBER, SourceLedger, CompanyCode, FiscalYear, AccountingDocument, LedgerGLLineItem",,00:00.0,
5,I_SemTagGLAccount,6,s4h-caa,CUBE,MANDT,Theobald,ODP,Full,base_s4h_cax,I_SemTagGLAccount,,,,,,,,,,,,"GLAccountHierarchy, HierarchyNode, SemanticTag, ValidityEndDate, ChartOfAccounts, GLAccount",A,00:00.0,
16,CUSTINVOICETRANS,5,tx-ca-0-hlp-uat,,,,,,base_tx_ca_0_hlp,CUSTINVOICETRANS,,TX_CA_0_HLP_UAT,dbo,ACCOUNTINGDATE,,,,,,,,,D,00:00.0,
17,C_BillingDocumentItemBasicDEX_F,6,s4h-caa,FACT,MANDT,Theobald,ODP,Full,base_s4h_cax,C_BillingDocumentItemBasicDEX,,,,,,,,,,,,"BillingDocument, BillingDocumentItem",D,,
18,C_SalesDocumentItemDEX_F,6,s4h-caa,FACT,MANDT,Theobald,ODP,Full,base_s4h_cax,C_SalesDocumentItemDEX,,,,,,,,,,,,"SalesDocument, SalesDocumentItem",D,,
19,C_BillingDocumentPartnerFs,6,s4h-caa,NULL,MANDT,Theobald,Table,Full,base_s4h_cax,C_BillingDocumentPartnerFs,,,,,,,,,,,,"SDDocument, PartnerFunction",D,,
20,I_BusinessPartner,6,s4h-caa,DIMENSION,MANDT,Theobald,ODP,Full,base_s4h_cax,I_BusinessPartner,,,,,,,,,,,,BusinessPartner,D,,
21,I_Customer,6,s4h-caa,DIMENSION,MANDT,Theobald,ODP,Full,base_s4h_cax,I_Customer,,,,,,,,,,,,Customer,D,,
22,I_OutboundDelivery,6,s4h-caa,DIMENSION,MANDT,Theobald,Table,Full,base_s4h_cax,I_OutboundDelivery,,,,,,,,,,,,OutboundDelivery,D,,
23,I_OutboundDeliveryItem,6,s4h-caa,DIMENSION,MANDT,Theobald,Table,Full,base_s4h_cax,I_OutboundDeliveryItem,,,,,,,,,,,,"OutboundDelivery, OutboundDeliveryItem",D,,
24,I_Product,6,s4h-caa,DIMENSION,MANDT,Theobald,Table,Full,base_s4h_cax,I_Product,,,,,,,,,,,,Product,D,,
25,I_ProductHierarchyNode,6,s4h-caa,DIMENSION,MANDT,Theobald,Table,Full,base_s4h_cax,I_ProductHierarchyNode,,,,,,,,,,,,ProductHierarchyNode,D,,
26,I_ProductHierarchyNodeText,6,s4h-caa,TEXT,MANDT,Theobald,Table,Full,base_s4h_cax,I_ProductHierarchyNodeText,,,,,,,,,,,,"ProductHierarchyNode, Language",D,,
27,I_ProductText,6,s4h-caa,TEXT,MANDT,Theobald,Table,Full,base_s4h_cax,I_ProductText,,,,,,,,,,,,"Product, Language",D,,
28,I_ProfitCenter_F,6,s4h-caa,DIMENSION,MANDT,Theobald,ODP,Full,base_s4h_cax,I_ProfitCenter,,,,,,,,,,,,"ControllingArea, ProfitCenter, ValidityEndDate",D,,
29,I_SalesDocumentScheduleLine,6,s4h-caa,DIMENSION,MANDT,Theobald,Table,Full,base_s4h_cax,I_SalesDocumentScheduleLine,,,,,,,,,,,,"SalesDocument, SalesDocumentItem, ScheduleLine",D,,
30,I_CostCenterText,6,s4h-caa,TEXT,MANDT,Theobald,ODP,Full,base_s4h_cax,I_CostCenterText,,,,,,,,,,,,"CostCenter, ControllingArea, Language, ValidityEndDate",D,,
31,I_CustomerAccountAssgmtGroupT,6,s4h-caa,TEXT,MANDT,Theobald,ODP,Full,base_s4h_cax,I_CustomerAccountAssgmtGroupT,,,,,,,,,,,,"CustomerAccountAssignmentGroup, Language",D,,
32,I_ExchangeRate,6,s4h-caa,DIMENSION,MANDT,Theobald,ODP,Full,base_s4h_cax,I_ExchangeRate,,,,,,,,,,,,"ExchangeRateType, SourceCurrency, TargetCurrency, ExchangeRateEffectiveDate",D,,
33,I_ExchangeRateTypeText,6,s4h-caa,TEXT,MANDT,Theobald,ODP,Full,base_s4h_cax,I_ExchangeRateTypeText,,,,,,,,,,,,"ExchangeRateType, Language",D,,
34,I_Plant,6,s4h-caa,DIMENSION,MANDT,Theobald,Table,Full,base_s4h_cax,I_Plant,,,,,,,,,,,,Plant,D,,
35,I_SalesDistrict,6,s4h-caa,DIMENSION,MANDT,Theobald,Table,Full,base_s4h_cax,I_SalesDistrict,,,,,,,,,,,,SalesDistrict,D,,
36,I_SalesDistrictText,6,s4h-caa,TEXT,MANDT,Theobald,ODP,Full,base_s4h_cax,I_SalesDistrictText,,,,,,,,,,,,"SalesDistrict, Language",D,,
37,I_SalesOrganization,6,s4h-caa,DIMENSION,MANDT,Theobald,ODP,Full,base_s4h_cax,I_SalesOrganization,,,,,,,,,,,,SalesOrganization,D,,
38,I_SalesOrganizationText,6,s4h-caa,TEXT,MANDT,Theobald,ODP,Full,base_s4h_cax,I_SalesOrganizationText,,,,,,,,,,,,"SalesOrganization, Language",D,,
39,I_StorageLocation,6,s4h-caa,DIMENSION,MANDT,Theobald,Table,Full,base_s4h_cax,I_StorageLocation,,,,,,,,,,,,"Plant, StorageLocation",D,,
40,I_MaterialDocumentHeader,6,s4h-caa,DIMENSION,MANDT,Theobald,Table,Full,base_s4h_cax,I_MaterialDocumentHeader,,,,,,,,,,,,"MaterialDocumentYear, MaterialDocument",D,,
41,I_MaterialDocumentItem,6,s4h-caa,DIMENSION,MANDT,Theobald,Table,Full,base_s4h_cax,I_MaterialDocumentItem,,,,,,,,,,,,"MaterialDocumentYear, MaterialDocument, MaterialDocumentItem",D,,
42,FACT_SALESLINE,5,tx-halfen-2-dwh-uat,,,,,,base_tx_halfen_2_dwh,FACT_SALESLINE,,TX_HALFEN_2_DWH_UAT,dbo,CREATEDDATETIME,,,,,,,,"SALESID, INVENTTRANSID",D,,
43,FACT_SALESTABLE,5,tx-halfen-2-dwh-uat,,,,,,base_tx_halfen_2_dwh,FACT_SALESTABLE,,TX_HALFEN_2_DWH_UAT,dbo,CREATEDDATETIME,,,,,,,,DW_Id,D,,
44,FACT_HGDAWA,5,dw-halfen-2-dwh-uat,,,,,,base_dw_halfen_2_dwh,FACT_HGDAWA,,DW_HALFEN_2_DWH_UAT,dbo,Invoice date,,,,,,,,DW_Id,D,,
45,SAPCustomerBasicMappingTable,5,dw-halfen-0-hlp-uat,,,,,,base_dw_halfen_0_hlp,SAPCustomerBasicMappingTable,,DW_HALFEN_0_HLP_UAT,dbo,,,,,,,,,,A,,
46,SAPItemNumberBasicMappingTable,5,dw-halfen-0-hlp-uat,,,,,,base_dw_halfen_0_hlp,SAPItemNumberBasicMappingTable,,DW_HALFEN_0_HLP_UAT,dbo,,,,,,,,,,A,,
48,DIM_DATAAREA,5,tx-halfen-2-dwh-uat,,,,,,base_tx_halfen_2_dwh,DIM_DATAAREA,,TX_HALFEN_2_DWH_UAT,dbo,,,,,,,,,ID,D,,
49,dim_Customer,4,,,,,,,,,,,,,edw,sp_materialize_view,edw,vw_Customer,edw,dim_Customer,0,,D,00:00.0,
50,fact_SalesDocumentItem,4,,,,,,,,,,,,,edw,sp_load_fact_SalesDocumentItem,edw,,edw,,1,,D,00:00.0,
51,fact_OutboundDeliveryItem,4,,,,,,,,,,,,,edw,sp_load_fact_OutboundDeliveryItem,edw,,edw,,2,,D,00:00.0,
52,fact_BillingDocumentItem,4,,,,,,,,,,,,,edw,sp_load_fact_BillingDocumentItem,edw,,edw,,2,,D,00:00.0,
53,dim_SalesDocumentScheduleLine,4,,,,,,,,,,,,,edw,sp_materialize_view,edw,vw_SalesDocumentScheduleLine,edw,dim_SalesDocumentScheduleLine,2,,D,00:00.0,
54,dim_Product,4,,,,,,,,,,,,,edw,sp_materialize_view,edw,vw_Product,edw,dim_Product,1,,D,00:00.0,
55,dim_ProductHierarchy,4,,,,,,,,,,,,,edw,sp_materialize_view,edw,vw_ProductHierarchy,edw,dim_ProductHierarchy,0,,D,00:00.0,
56,dim_ProfitCenter,4,,,,,,,,,,,,,edw,sp_materialize_view,edw,vw_ProfitCenter,edw,dim_ProfitCenter,0,,D,00:00.0,
57,dim_CostCenter,4,,,,,,,,,,,,,edw,sp_materialize_view,edw,vw_CostCenter,edw,dim_CostCenter,0,,D,00:00.0,
58,dim_ExchangeRateType,4,,,,,,,,,,,,,edw,sp_materialize_view,edw,vw_ExchangeRateType,edw,dim_ExchangeRateType,0,,D,00:00.0,
59,dim_CustomerAccountAssignmentGroup,4,,,,,,,,,,,,,edw,sp_materialize_view,edw,vw_CustomerAccountAssignmentGroup,edw,dim_CustomerAccountAssignmentGroup,0,,D,00:00.0,
60,dim_Plant,4,,,,,,,,,,,,,edw,sp_materialize_view,edw,vw_Plant,edw,dim_Plant,0,,D,00:00.0,
61,dim_SalesDistrict,4,,,,,,,,,,,,,edw,sp_materialize_view,edw,vw_SalesDistrict,edw,dim_SalesDistrict,0,,D,00:00.0,
62,dim_SalesOrganization,4,,,,,,,,,,,,,edw,sp_materialize_view,edw,vw_SalesOrganization,edw,dim_SalesOrganization,0,,D,00:00.0,
63,dim_StorageLocation,4,,,,,,,,,,,,,edw,sp_materialize_view,edw,vw_StorageLocation,edw,dim_StorageLocation,0,,D,00:00.0,
64,fact_MaterialDocumentItem,4,,,,,,,,,,,,,edw,sp_materialize_view,edw,vw_MaterialDocumentItem,edw,fact_MaterialDocumentItem,1,,D,00:00.0,
65,dim_CustomerCalculated,4,,,,,,,,,,,,,edw,sp_materialize_view,edw,vw_CustomerCalculated,edw,dim_CustomerCalculated,1,,D,00:00.0,
66,dim_ProductCalculated,4,,,,,,,,,,,,,edw,sp_materialize_view,edw,vw_ProductCalculated,edw,dim_ProductCalculated,1,,D,00:00.0,
67,DATAAREA,5,tx-ca-0-hlp-uat,,,,,,base_tx_ca_0_hlp,DATAAREA,,TX_CA_0_HLP_UAT,dbo,,,,,,,,,DATAAREAID,D,00:00.0,
85,CRHCURRENCY,5,tx-ca-0-hlp-uat,,,,,,base_tx_ca_0_hlp,CRHCURRENCY,,TX_CA_0_HLP_UAT,dbo,,,,,,,,,"YEAR, NAME, CURRENCY",D,00:00.0,
86,ITEMTABLE,5,tx-ca-0-hlp-uat,,,,,,base_tx_ca_0_hlp,ITEMTABLE,,TX_CA_0_HLP_UAT,dbo,,,,,,,,,"DATAAREAID, ITEMID",D,00:00.0,
87,CUSTTABLE,5,tx-ca-0-hlp-uat,,,,,,base_tx_ca_0_hlp,CUSTTABLE,,TX_CA_0_HLP_UAT,dbo,,,,,,,,,"DATAAREAID, ACCOUNTNUM",D,00:00.0,
88,PRODUCTGROUP,5,tx-ca-0-hlp-uat,,,,,,base_tx_ca_0_hlp,PRODUCTGROUP,,TX_CA_0_HLP_UAT,dbo,,,,,,,,,PRODUCTGROUPID,D,00:00.0,
89,FACT_CUSTPACKINGSLIPJOUR,5,tx-halfen-2-dwh-uat,,,,,,base_tx_halfen_2_dwh,FACT_CUSTPACKINGSLIPJOUR,,TX_HALFEN_2_DWH_UAT,dbo,DELIVERYDATE,,,,,,,,PACKINGSLIPID,A,00:00.0,
90,FACT_CUSTPACKINGSLIPTRANS,5,tx-halfen-2-dwh-uat,,,,,,base_tx_halfen_2_dwh,FACT_CUSTPACKINGSLIPTRANS,,TX_HALFEN_2_DWH_UAT,dbo,DELIVERYDATE,,,,,,,,"PACKINGSLIPID, INVENTTRANSID",A,00:00.0,
91,DIM_CUSTOMEROBJECT,5,tx-halfen-2-dwh-uat,,,,,,base_tx_halfen_2_dwh,DIM_CUSTOMEROBJECT,,TX_HALFEN_2_DWH_UAT,dbo,,,,,,,,,DW_Id,A,00:00.0,
92,I_AccountingDocumentType,6,s4h-caa,DIMENSION,MANDT,Theobald,ODP,Delta,base_s4h_cax,I_AccountingDocumentType,,,,,,,,,,,,"TS_SEQUENCE_NUMBER, AccountingDocumentType",,,
93,I_Address,6,s4h-caa,DIMENSION,MANDT,Theobald,Table,Full,base_s4h_cax,I_Address,,,,,,,,,,,,AddressID,A,,
94,I_BillingDocumentType,6,s4h-caa,DIMENSION,MANDT,Theobald,Table,Full,base_s4h_cax,I_BillingDocumentType,,,,,,,,,,,,BillingDocumentType,A,,
95,I_CalendarDate,6,s4h-caa,DIMENSION,,Theobald,ODP,Full,base_s4h_cax,I_CalendarDate,,,,,,,,,,,,CalendarDate,A,,
96,I_ChartOfAccounts,6,s4h-caa,DIMENSION,MANDT,Theobald,ODP,Delta,base_s4h_cax,I_ChartOfAccounts,,,,,,,,,,,,"TS_SEQUENCE_NUMBER, ChartOfAccounts",,,
97,I_ChmlCmplncStatusText,6,s4h-caa,DIMENSION,MANDT,Theobald,Table,Full,base_s4h_cax,I_ChmlCmplncStatusText,,,,,,,,,,,,"ChmlCmplncStatus, Language",A,,
98,I_CompanyCode,6,s4h-caa,DIMENSION,MANDT,Theobald,ODP,Delta,base_s4h_cax,I_CompanyCode,,,,,,,,,,,,"TS_SEQUENCE_NUMBER, CompanyCode",,,
99,I_ControllingArea,6,s4h-caa,DIMENSION,MANDT,Theobald,ODP,Delta,base_s4h_cax,I_ControllingArea,,,,,,,,,,,,"TS_SEQUENCE_NUMBER, ControllingArea",,,
100,I_Country,6,s4h-caa,DIMENSION,MANDT,Theobald,ODP,Full,base_s4h_cax,I_Country,,,,,,,,,,,,Country,A,,
101,I_Currency,6,s4h-caa,DIMENSION,MANDT,Theobald,ODP,Full,base_s4h_cax,I_Currency,,,,,,,,,,,,Currency,A,,
102,I_CustomerReturnDeliveryItem,6,s4h-caa,DIMENSION,MANDT,Theobald,Table,Full,base_s4h_cax,I_CustomerReturnDeliveryItem,,,,,,,,,,,,"CustomerReturnDelivery, CustomerReturnDeliveryItem",A,,
103,I_DeliveryDocumentType,6,s4h-caa,DIMENSION,MANDT,Theobald,Table,Full,base_s4h_cax,I_DeliveryDocumentType,,,,,,,,,,,,DeliveryDocumentType,A,,
104,I_ExchangeRateType,6,s4h-caa,DIMENSION,MANDT,Theobald,ODP,Full,base_s4h_cax,I_ExchangeRateType,,,,,,,,,,,,ExchangeRateType,A,,
105,I_FiscalCalendarDate,6,s4h-caa,DIMENSION,MANDT,Theobald,ODP,Delta,base_s4h_cax,I_FiscalCalendarDate,,,,,,,,,,,,"TS_SEQUENCE_NUMBER, FiscalYearVariant, CalendarDate",,,
106,I_FunctionalArea,6,s4h-caa,DIMENSION,MANDT,Theobald,ODP,Delta,base_s4h_cax,I_FunctionalArea,,,,,,,,,,,,"TS_SEQUENCE_NUMBER, FunctionalArea",,,
107,I_GLAccount,6,s4h-caa,DIMENSION,MANDT,Theobald,ODP,Full,base_s4h_cax,I_GLAccount,,,,,,,,,,,,"GLAccount, CompanyCode",A,,
108,I_GLAccountInChartOfAccounts,6,s4h-caa,DIMENSION,MANDT,Theobald,ODP,Delta,base_s4h_cax,I_GLAccountInChartOfAccounts,,,,,,,,,,,,"TS_SEQUENCE_NUMBER, ChartOfAccounts, GLAccount",,,
109,I_Globalcompany,6,s4h-caa,DIMENSION,MANDT,Theobald,ODP,Delta,base_s4h_cax,I_Globalcompany,,,,,,,,,,,,"TS_SEQUENCE_NUMBER, Company",,,
110,I_MaterialGroup,6,s4h-caa,DIMENSION,MANDT,Theobald,Table,Full,base_s4h_cax,I_MaterialGroup,,,,,,,,,,,,MaterialGroup,A,,
111,I_MaterialPlant,6,s4h-caa,DIMENSION,MANDT,Theobald,Table,Full,base_s4h_cax,I_MaterialPlant,,,,,,,,,,,,"Material, Plant",A,,
112,I_PostingKey,6,s4h-caa,DIMENSION,MANDT,Theobald,ODP,Delta,base_s4h_cax,I_PostingKey,,,,,,,,,,,,"TS_SEQUENCE_NUMBER, PostingKey",,,
113,I_SalesDocumentItemCategory,6,s4h-caa,DIMENSION,MANDT,Theobald,Table,Full,base_s4h_cax,I_SalesDocumentItemCategory,,,,,,,,,,,,SalesDocumentItemCategory,A,,
114,I_SDDocumentCategory,6,s4h-caa,DIMENSION,MANDT,Theobald,Table,Full,base_s4h_cax,I_SDDocumentCategory,,,,,,,,,,,,SDDocumentCategory,A,,
115,I_SDDocumentReason,6,s4h-caa,DIMENSION,MANDT,Theobald,Table,Full,base_s4h_cax,I_SDDocumentReason,,,,,,,,,,,,SDDocumentReason,A,,
116,I_ShippingPoint,6,s4h-caa,DIMENSION,MANDT,Theobald,Table,Full,base_s4h_cax,I_ShippingPoint,,,,,,,,,,,,ShippingPoint,A,,
117,I_Supplier,6,s4h-caa,DIMENSION,MANDT,Theobald,Table,Full,base_s4h_cax,I_Supplier,,,,,,,,,,,,Supplier,A,,
118,I_UnitOfMeasure,6,s4h-caa,DIMENSION,MANDT,Theobald,ODP,Full,base_s4h_cax,I_UnitOfMeasure,,,,,,,,,,,,UnitOfMeasure,A,,
119,I_Warehouse,6,s4h-caa,DIMENSION,MANDT,Theobald,Table,Full,base_s4h_cax,I_Warehouse,,,,,,,,,,,,Warehouse,A,,
120,I_CustomerCompany,6,s4h-caa,FACT,MANDT,Theobald,Table,Full,base_s4h_cax,I_CustomerCompany,,,,,,,,,,,,"Customer, CompanyCode",A,,
121,I_CustomerSalesArea,6,s4h-caa,FACT,MANDT,Theobald,Table,Full,base_s4h_cax,I_CustomerSalesArea,,,,,,,,,,,,"Customer, SalesOrganization, DistributionChannel, Division",A,,
122,C_CnsldtnProfitCenter,6,s4h-caa,NULL,MANDT,Theobald,Table,Full,base_s4h_cax,C_CnsldtnProfitCenter,,,,,,,,,,,,"ProfitCenter, ControllingArea",A,,
123,I_BillingDocumentItemPrcgElmnt,6,s4h-caa,NULL,MANDT,Theobald,Table,Full,base_s4h_cax,I_BillingDocumentItemPrcgElmnt,,,,,,,,,,,,"BillingDocument, BillingDocumentItem, PricingProcedureStep, PricingProcedureCounter",A,,
124,I_BillingDocumentPrcgElmnt,6,s4h-caa,NULL,MANDT,Theobald,Table,Full,base_s4h_cax,I_BillingDocumentPrcgElmnt,,,,,,,,,,,,"BillingDocument, PricingProcedureStep, PricingProcedureCounter",A,,
125,I_ConditionType,6,s4h-caa,NULL,MANDT,Theobald,Table,Full,base_s4h_cax,I_ConditionType,,,,,,,,,,,,"ConditionUsage, ConditionApplication, ConditionType",A,,
126,I_ContactPerson,6,s4h-caa,NULL,MANDT,Theobald,Table,Full,base_s4h_cax,I_ContactPerson,,,,,,,,,,,,ContactPerson,A,,
127,I_CustSalesAreaTax,6,s4h-caa,NULL,MANDT,Theobald,Table,Full,base_s4h_cax,I_CustSalesAreaTax,,,,,,,,,,,,"Customer, SalesOrganization, DistributionChannel, Division, DepartureCountry, CustomerTaxCategory",A,,
128,I_FactoryCalWorkingDaysPerYr,6,s4h-caa,NULL,,Theobald,ODP,Full,base_s4h_cax,I_FactoryCalWorkingDaysPerYr,,,,,,,,,,,,"FactoryCalendar, CalendarYear",A,,
129,I_ProductPlant,6,s4h-caa,NULL,MANDT,Theobald,Table,Full,base_s4h_cax,I_ProductPlant,,,,,,,,,,,,"Product, Plant",A,,
130,I_Productprocurement,6,s4h-caa,NULL,MANDT,Theobald,Table,Full,base_s4h_cax,I_Productprocurement,,,,,,,,,,,,Product,A,,
131,I_ProductSales,6,s4h-caa,NULL,MANDT,Theobald,Table,Full,base_s4h_cax,I_ProductSales,,,,,,,,,,,,Product,A,,
132,I_ProductSalesDelivery,6,s4h-caa,NULL,MANDT,Theobald,Table,Full,base_s4h_cax,I_ProductSalesDelivery,,,,,,,,,,,,"Product, ProductSalesOrg, ProductDistributionChnl",A,,
133,I_SalesOrderItemPricingElement,6,s4h-caa,NULL,MANDT,Theobald,Table,Full,base_s4h_cax,I_SalesOrderItemPricingElement,,,,,,,,,,,,"SalesOrder, SalesOrderItem, PricingProcedureStep, PricingProcedureCounter",A,,
134,I_SalesOrderPricingElement,6,s4h-caa,NULL,MANDT,Theobald,Table,Full,base_s4h_cax,I_SalesOrderPricingElement,,,,,,,,,,,,"SalesOrder, PricingProcedureStep, PricingProcedureCounter",A,,
135,I_User,6,s4h-caa,NULL,MANDT,Theobald,Table,Full,base_s4h_cax,I_User,,,,,,,,,,,,UserID,A,,
136,I_StatusObjectStatus,6,s4h-caa,NULL,MANDT,Theobald,ODP,Full,base_s4h_cax,I_StatusObjectStatus,,,,,,,,,,,,"StatusObject, StatusCode",A,,
137,I_StatusCodeText,6,s4h-caa,TEXT,MANDT,Theobald,ODP,Full,base_s4h_cax,I_StatusCodeText,,,,,,,,,,,,"StatusCode, StatusProfile, Language",A,,
138,P_SemTagGLAccountRange,6,s4h-caa,NULL,MANDT,Theobald,Table,Full,base_s4h_cax,P_SemTagGLAccountRange,,,,,,,,,,,,"GLAccountHierarchy, HierarchyNode, SemanticTag, ValidityEndDate, ChartOfAccounts, GLAccount",A,,
139,I_AccountingDocumentCategoryT,6,s4h-caa,TEXT,,Theobald,ODP,Full,base_s4h_cax,I_AccountingDocumentCategoryT,,,,,,,,,,,,"AccountingDocumentCategory, Language",A,,
140,I_AccountingDocumentTypeText,6,s4h-caa,TEXT,MANDT,Theobald,ODP,Delta,base_s4h_cax,I_AccountingDocumentTypeText,,,,,,,,,,,,"TS_SEQUENCE_NUMBER, AccountingDocumentType, Language",,,
141,I_AccountingPostingStatusText,6,s4h-caa,TEXT,MANDT,Theobald,Table,Full,base_s4h_cax,I_AccountingPostingStatusText,,,,,,,,,,,,"AccountingPostingStatus, Language",A,,
142,I_AccountingTransferStatusText,6,s4h-caa,TEXT,MANDT,Theobald,Table,Full,base_s4h_cax,I_AccountingTransferStatusText,,,,,,,,,,,,"AccountingTransferStatus, Language",A,,
143,I_AdditionalCustomerGroup1Text,6,s4h-caa,TEXT,MANDT,Theobald,ODP,Full,base_s4h_cax,I_AdditionalCustomerGroup1Text,,,,,,,,,,,,"AdditionalCustomerGroup1, Language",A,,
144,I_AdditionalCustomerGroup2Text,6,s4h-caa,TEXT,MANDT,Theobald,ODP,Full,base_s4h_cax,I_AdditionalCustomerGroup2Text,,,,,,,,,,,,"AdditionalCustomerGroup2, Language",A,,
145,I_AdditionalCustomerGroup3Text,6,s4h-caa,TEXT,MANDT,Theobald,ODP,Full,base_s4h_cax,I_AdditionalCustomerGroup3Text,,,,,,,,,,,,"AdditionalCustomerGroup3, Language",A,,
146,I_AdditionalCustomerGroup4Text,6,s4h-caa,TEXT,MANDT,Theobald,ODP,Full,base_s4h_cax,I_AdditionalCustomerGroup4Text,,,,,,,,,,,,"AdditionalCustomerGroup4, Language",A,,
147,I_AdditionalCustomerGroup5Text,6,s4h-caa,TEXT,MANDT,Theobald,ODP,Full,base_s4h_cax,I_AdditionalCustomerGroup5Text,,,,,,,,,,,,"AdditionalCustomerGroup5, Language",A,,
148,I_AdditionalMaterialGroup1Text,6,s4h-caa,TEXT,MANDT,Theobald,ODP,Full,base_s4h_cax,I_AdditionalMaterialGroup1Text,,,,,,,,,,,,"AdditionalMaterialGroup1, Language",A,,
149,I_AdditionalMaterialGroup2Text,6,s4h-caa,TEXT,MANDT,Theobald,ODP,Full,base_s4h_cax,I_AdditionalMaterialGroup2Text,,,,,,,,,,,,"AdditionalMaterialGroup2, Language",A,,
150,I_AdditionalMaterialGroup3Text,6,s4h-caa,TEXT,MANDT,Theobald,ODP,Full,base_s4h_cax,I_AdditionalMaterialGroup3Text,,,,,,,,,,,,"AdditionalMaterialGroup3, Language",A,,
151,I_AdditionalMaterialGroup4Text,6,s4h-caa,TEXT,MANDT,Theobald,ODP,Full,base_s4h_cax,I_AdditionalMaterialGroup4Text,,,,,,,,,,,,"AdditionalMaterialGroup4, Language",A,,
152,I_AdditionalMaterialGroup5Text,6,s4h-caa,TEXT,MANDT,Theobald,ODP,Full,base_s4h_cax,I_AdditionalMaterialGroup5Text,,,,,,,,,,,,"AdditionalMaterialGroup5, Language",A,,
153,I_BillingBlockReasonText,6,s4h-caa,TEXT,MANDT,Theobald,ODP,Full,base_s4h_cax,I_BillingBlockReasonText,,,,,,,,,,,,"BillingBlockReason, Language",A,,
154,I_BillingDocumentCategoryText,6,s4h-caa,TEXT,,Theobald,ODP,Full,base_s4h_cax,I_BillingDocumentCategoryText,,,,,,,,,,,,"BillingDocumentCategory, Language",A,,
155,I_BillingDocumentTypeText,6,s4h-caa,TEXT,MANDT,Theobald,ODP,Full,base_s4h_cax,I_BillingDocumentTypeText,,,,,,,,,,,,"BillingDocumentType, Language",A,,
156,I_BillingIssueTypeText,6,s4h-caa,TEXT,MANDT,Theobald,Table,Full,base_s4h_cax,I_BillingIssueTypeText,,,,,,,,,,,,"BillingIssueType, Language",A,,
157,I_BillingRelevanceCodeText,6,s4h-caa,TEXT,MANDT,Theobald,Table,Full,base_s4h_cax,I_BillingRelevanceCodeText,,,,,,,,,,,,"BillingRelevanceCode, Language",A,,
158,I_BrandText,6,s4h-caa,TEXT,MANDT,Theobald,Table,Full,base_s4h_cax,I_BrandText,,,,,,,,,,,,"Brand, Language",A,,
159,I_BusinessObjTypeText,6,s4h-caa,TEXT,MANDT,Theobald,Table,Full,base_s4h_cax,I_BusinessObjTypeText,,,,,,,,,,,,"BusinessObjectType, Language",A,,
160,I_BusinessProcessText,6,s4h-caa,TEXT,MANDT,Theobald,ODP,Full,base_s4h_cax,I_BusinessProcessText,,,,,,,,,,,,"ControllingArea, BusinessProcess, Language, ValidityEndDate",A,,
161,I_BusTransactionTypeText,6,s4h-caa,TEXT,MANDT,Theobald,ODP,Full,base_s4h_cax,I_BusTransactionTypeText,,,,,,,,,,,,"Language, BusinessTransactionType",A,,
162,I_CentralCreditCheckStatusText,6,s4h-caa,TEXT,MANDT,Theobald,Table,Full,base_s4h_cax,I_CentralCreditCheckStatusText,,,,,,,,,,,,"CentralCreditCheckStatus, Language",A,,
163,I_ChartOfAccountsText,6,s4h-caa,TEXT,MANDT,Theobald,ODP,Delta,base_s4h_cax,I_ChartOfAccountsText,,,,,,,,,,,,"TS_SEQUENCE_NUMBER, ChartOfAccounts, Language",,,
164,I_CityCodeText,6,s4h-caa,TEXT,MANDT,Theobald,ODP,Full,base_s4h_cax,I_CityCodeText,,,,,,,,,,,,"Region, Country, CityCode, Language",A,,
165,I_ConditionTypeText,6,s4h-caa,TEXT,MANDT,Theobald,ODP,Full,base_s4h_cax,I_ConditionTypeText,,,,,,,,,,,,"Language, ConditionUsage, ConditionApplication, ConditionType",A,,
166,I_ControllingDebitCreditCodeT,6,s4h-caa,TEXT,MANDT,Theobald,Table,Full,base_s4h_cax,I_ControllingDebitCreditCodeT,,,,,,,,,,,,"ControllingDebitCreditCode, Language",A,,
167,I_ControllingObjectClassT,6,s4h-caa,TEXT,MANDT,Theobald,Table,Full,base_s4h_cax,I_ControllingObjectClassT,,,,,,,,,,,,"ControllingObjectClass, Language",A,,
168,I_CountryText,6,s4h-caa,TEXT,MANDT,Theobald,ODP,Full,base_s4h_cax,I_CountryText,,,,,,,,,,,,"Country, Language",A,,
169,I_CountyCodeText,6,s4h-caa,TEXT,MANDT,Theobald,Table,Full,base_s4h_cax,I_CountyCodeText,,,,,,,,,,,,"Country, Region, County, Language",A,,
170,I_CreditControlAreaText,6,s4h-caa,TEXT,MANDT,Theobald,ODP,Full,base_s4h_cax,I_CreditControlAreaText,,,,,,,,,,,,"CreditControlArea, Language",A,,
171,I_CreditRiskClassText,6,s4h-caa,TEXT,MANDT,Theobald,ODP,Full,base_s4h_cax,I_CreditRiskClassText,,,,,,,,,,,,"CreditRiskClass, Language",A,,
172,I_CurrencyText,6,s4h-caa,TEXT,MANDT,Theobald,ODP,Full,base_s4h_cax,I_CurrencyText,,,,,,,,,,,,"Language, Currency",A,,
173,I_CustomerAccountGroupText,6,s4h-caa,TEXT,MANDT,Theobald,Table,Full,base_s4h_cax,I_CustomerAccountGroupText,,,,,,,,,,,,"Language, CustomerAccountGroup",A,,
174,I_CustomerGroupText,6,s4h-caa,TEXT,MANDT,Theobald,ODP,Full,base_s4h_cax,I_CustomerGroupText,,,,,,,,,,,,"CustomerGroup, Language",A,,
175,I_CustomerPaymentTermsText,6,s4h-caa,TEXT,MANDT,Theobald,Table,Full,base_s4h_cax,I_CustomerPaymentTermsText,,,,,,,,,,,,"CustomerPaymentTerms, Language",A,,
176,I_CustomerPriceGroupText,6,s4h-caa,TEXT,MANDT,Theobald,ODP,Full,base_s4h_cax,I_CustomerPriceGroupText,,,,,,,,,,,,"CustomerPriceGroup, Language",A,,
177,I_DangerousGoodsStatusText,6,s4h-caa,TEXT,MANDT,Theobald,Table,Full,base_s4h_cax,I_DangerousGoodsStatusText,,,,,,,,,,,,"DangerousGoodsStatus, Language",A,,
178,I_DebitCreditCodeText,6,s4h-caa,TEXT,,Theobald,ODP,Full,base_s4h_cax,I_DebitCreditCodeText,,,,,,,,,,,,"Language, DebitCreditCode",A,,
179,I_DeliveryBlockReasonText,6,s4h-caa,TEXT,MANDT,Theobald,ODP,Full,base_s4h_cax,I_DeliveryBlockReasonText,,,,,,,,,,,,"DeliveryBlockReason, Language",A,,
180,I_DeliveryBlockStatusText,6,s4h-caa,TEXT,MANDT,Theobald,Table,Full,base_s4h_cax,I_DeliveryBlockStatusText,,,,,,,,,,,,"DeliveryBlockStatus, Language",A,,
181,I_DeliveryDocumentTypeText,6,s4h-caa,TEXT,MANDT,Theobald,ODP,Full,base_s4h_cax,I_DeliveryDocumentTypeText,,,,,,,,,,,,"DeliveryDocumentType, Language",A,,
182,I_DeliveryPriorityText,6,s4h-caa,TEXT,MANDT,Theobald,Table,Full,base_s4h_cax,I_DeliveryPriorityText,,,,,,,,,,,,"DeliveryPriority, Language",A,,
183,I_DeliveryRelatedBillgStatusT,6,s4h-caa,TEXT,MANDT,Theobald,Table,Full,base_s4h_cax,I_DeliveryRelatedBillgStatusT,,,,,,,,,,,,"DeliveryRelatedBillingStatus, Language",A,,
184,I_DeliveryStatusText,6,s4h-caa,TEXT,MANDT,Theobald,Table,Full,base_s4h_cax,I_DeliveryStatusText,,,,,,,,,,,,"DeliveryStatus, Language",A,,
185,I_DistributionChannelText,6,s4h-caa,TEXT,MANDT,Theobald,ODP,Full,base_s4h_cax,I_DistributionChannelText,,,,,,,,,,,,"DistributionChannel, Language",A,,
186,I_DistrStatusByDectrlzdWrhsT,6,s4h-caa,TEXT,MANDT,Theobald,Table,Full,base_s4h_cax,I_DistrStatusByDectrlzdWrhsT,,,,,,,,,,,,"DistrStatusByDecentralizedWrhs, Language",A,,
187,I_DivisionText,6,s4h-caa,TEXT,MANDT,Theobald,ODP,Full,base_s4h_cax,I_DivisionText,,,,,,,,,,,,"Division, Language",A,,
188,I_ExprtInsurCreditCheckStatusT,6,s4h-caa,TEXT,MANDT,Theobald,Table,Full,base_s4h_cax,I_ExprtInsurCreditCheckStatusT,,,,,,,,,,,,"ExprtInsurCreditCheckStatus, Language",A,,
189,I_FinancialAccountTypeText,6,s4h-caa,TEXT,,Theobald,ODP,Full,base_s4h_cax,I_FinancialAccountTypeText,,,,,,,,,,,,"FinancialAccountType, Language",A,,
190,I_FinancialManagementAreaText,6,s4h-caa,TEXT,MANDT,Theobald,Table,Full,base_s4h_cax,I_FinancialManagementAreaText,,,,,,,,,,,,"FinancialManagementArea, Language",A,,
191,I_FinancialStatementHierT,6,s4h-caa,TEXT,MANDT,Theobald,Table,Full,base_s4h_cax,I_FinancialStatementHierT,,,,,,,,,,,,"FinancialStatementHierarchy, ValidityEndDate, Language",A,,
192,I_FinancialTransactionTypeT,6,s4h-caa,TEXT,MANDT,Theobald,ODP,Full,base_s4h_cax,I_FinancialTransactionTypeT,,,,,,,,,,,,"Language, FinancialTransactionType",A,,
193,I_FinDocCreditCheckStatusT,6,s4h-caa,TEXT,MANDT,Theobald,Table,Full,base_s4h_cax,I_FinDocCreditCheckStatusT,,,,,,,,,,,,"FinDocCreditCheckStatus, Language",A,,
194,I_FinValuationObjectTypeText,6,s4h-caa,TEXT,MANDT,Theobald,ODP,Full,base_s4h_cax,I_FinValuationObjectTypeText,,,,,,,,,,,,"FinancialValuationObjectType, Language",A,,
195,I_FunctionalAreaText,6,s4h-caa,TEXT,MANDT,Theobald,ODP,Delta,base_s4h_cax,I_FunctionalAreaText,,,,,,,,,,,,"TS_SEQUENCE_NUMBER, Language, FunctionalArea",,,
196,I_FunctionalLocationText,6,s4h-caa,TEXT,MANDT,Theobald,ODP,Full,base_s4h_cax,I_FunctionalLocationText,,,,,,,,,,,,"FunctionalLocation, Language",A,,
197,I_FundText,6,s4h-caa,TEXT,MANDT,Theobald,Table,Full,base_s4h_cax,I_FundText,,,,,,,,,,,,"FinancialManagementArea, Fund, Language",A,,
198,I_GLAccountGroupText,6,s4h-caa,TEXT,MANDT,Theobald,Table,Full,base_s4h_cax,I_GLAccountGroupText,,,,,,,,,,,,"ChartOfAccounts, GLAccountGroup, Language",A,,
199,I_GLAccountText,6,s4h-caa,TEXT,MANDT,Theobald,ODP,Delta,base_s4h_cax,I_GLAccountText,,,,,,,,,,,,"TS_SEQUENCE_NUMBER, ChartOfAccounts, GLAccount, Language",,,
200,I_GlAccountTextInCompanycode,6,s4h-caa,TEXT,MANDT,Theobald,Table,Full,base_s4h_cax,I_GlAccountTextInCompanycode,,,,,,,,,,,,"GLAccount, CompanyCode, Language",A,,
201,I_GLAccountTypeText,6,s4h-caa,TEXT,MANDT,Theobald,Table,Full,base_s4h_cax,I_GLAccountTypeText,,,,,,,,,,,,"GLAccountType, Language",A,,
202,I_GLRecordTypeText,6,s4h-caa,TEXT,MANDT,Theobald,Table,Full,base_s4h_cax,I_GLRecordTypeText,,,,,,,,,,,,"Language, GLRecordType",A,,
203,I_GoodsMovementStatusText,6,s4h-caa,TEXT,MANDT,Theobald,Table,Full,base_s4h_cax,I_GoodsMovementStatusText,,,,,,,,,,,,"GoodsMovementStatus, Language",A,,
204,I_GoodsMovementTypeT,6,s4h-caa,TEXT,MANDT,Theobald,Table,Full,base_s4h_cax,I_GoodsMovementTypeT,,,,,,,,,,,,"GoodsMovementType, Language",A,,
205,I_HandlingUnitInStockText,6,s4h-caa,TEXT,MANDT,Theobald,Table,Full,base_s4h_cax,I_HandlingUnitInStockText,,,,,,,,,,,,"HandlingUnitInStock, Language",A,,
206,I_HdrBillgIncompletionStatusT,6,s4h-caa,TEXT,MANDT,Theobald,Table,Full,base_s4h_cax,I_HdrBillgIncompletionStatusT,,,,,,,,,,,,"HeaderBillgIncompletionStatus, Language",A,,
207,I_HdrDelivIncompletionStatusT,6,s4h-caa,TEXT,MANDT,Theobald,Table,Full,base_s4h_cax,I_HdrDelivIncompletionStatusT,,,,,,,,,,,,"HeaderDelivIncompletionStatus, Language",A,,
208,I_HdrGenIncompletionStatusT,6,s4h-caa,TEXT,MANDT,Theobald,Table,Full,base_s4h_cax,I_HdrGenIncompletionStatusT,,,,,,,,,,,,"HdrGeneralIncompletionStatus, Language",A,,
209,I_HdrGoodsMvtIncompltnStatusT,6,s4h-caa,TEXT,MANDT,Theobald,Table,Full,base_s4h_cax,I_HdrGoodsMvtIncompltnStatusT,,,,,,,,,,,,"HdrGoodsMvtIncompletionStatus, Language",A,,
210,I_HdrPackingIncompltnStatusT,6,s4h-caa,TEXT,MANDT,Theobald,Table,Full,base_s4h_cax,I_HdrPackingIncompltnStatusT,,,,,,,,,,,,"HeaderPackingIncompletionSts, Language",A,,
211,I_HdrPickgIncompltnStatusT,6,s4h-caa,TEXT,MANDT,Theobald,Table,Full,base_s4h_cax,I_HdrPickgIncompltnStatusT,,,,,,,,,,,,"HeaderPickgIncompletionStatus, Language",A,,
212,I_IncotermsClassificationText,6,s4h-caa,TEXT,MANDT,Theobald,ODP,Full,base_s4h_cax,I_IncotermsClassificationText,,,,,,,,,,,,"IncotermsClassification, Language",A,,
213,I_InternalOrderTypeText,6,s4h-caa,TEXT,MANDT,Theobald,ODP,Full,base_s4h_cax,I_InternalOrderTypeText,,,,,,,,,,,,"Language, OrderType",A,,
214,I_Intntnlartnmbcattext,6,s4h-caa,TEXT,MANDT,Theobald,Table,Full,base_s4h_cax,I_Intntnlartnmbcattext,,,,,,,,,,,,"InternationalArticleNumberCat, Language",A,,
215,I_InventorySpecialStockTypeT,6,s4h-caa,TEXT,MANDT,Theobald,Table,Full,base_s4h_cax,I_InventorySpecialStockTypeT,,,,,,,,,,,,"InventorySpecialStockType, Language",A,,
216,I_InvoiceListStatusText,6,s4h-caa,TEXT,MANDT,Theobald,Table,Full,base_s4h_cax,I_InvoiceListStatusText,,,,,,,,,,,,"InvoiceListStatus, Language",A,,
217,I_ItemBillingIncompletionStsT,6,s4h-caa,TEXT,MANDT,Theobald,Table,Full,base_s4h_cax,I_ItemBillingIncompletionStsT,,,,,,,,,,,,"ItemBillingIncompletionStatus, Language",A,,
218,I_ItemCategoryGroupText,6,s4h-caa,TEXT,MANDT,Theobald,ODP,Full,base_s4h_cax,I_ItemCategoryGroupText,,,,,,,,,,,,"ItemCategoryGroup, Language",A,,
219,I_ItemDelivIncompletionStsT,6,s4h-caa,TEXT,MANDT,Theobald,Table,Full,base_s4h_cax,I_ItemDelivIncompletionStsT,,,,,,,,,,,,"ItemDeliveryIncompletionStatus, Language",A,,
220,I_ItemGdsMvtIncompletionStsT,6,s4h-caa,TEXT,MANDT,Theobald,Table,Full,base_s4h_cax,I_ItemGdsMvtIncompletionStsT,,,,,,,,,,,,"ItemGdsMvtIncompletionSts, Language",A,,
221,I_ItemGenIncompletionStatusT,6,s4h-caa,TEXT,MANDT,Theobald,Table,Full,base_s4h_cax,I_ItemGenIncompletionStatusT,,,,,,,,,,,,"ItemGeneralIncompletionStatus, Language",A,,
222,I_ItemPackingIncompletionStsT,6,s4h-caa,TEXT,MANDT,Theobald,Table,Full,base_s4h_cax,I_ItemPackingIncompletionStsT,,,,,,,,,,,,"ItemPackingIncompletionStatus, Language",A,,
223,I_ItemPickingIncompletionStsT,6,s4h-caa,TEXT,MANDT,Theobald,Table,Full,base_s4h_cax,I_ItemPickingIncompletionStsT,,,,,,,,,,,,"ItemPickingIncompletionStatus, Language",A,,
224,I_LedgerText,6,s4h-caa,TEXT,MANDT,Theobald,Table,Full,base_s4h_cax,I_LedgerText,,,,,,,,,,,,"Ledger, Language",A,,
225,I_MaintenanceActivityTypeText,6,s4h-caa,TEXT,MANDT,Theobald,ODP,Full,base_s4h_cax,I_MaintenanceActivityTypeText,,,,,,,,,,,,"Language, MaintenanceActivityType",A,,
226,I_MaterialGroupText,6,s4h-caa,TEXT,MANDT,Theobald,Table,Full,base_s4h_cax,I_MaterialGroupText,,,,,,,,,,,,"MaterialGroup, Language",A,,
227,I_MaterialPricingGroupText,6,s4h-caa,TEXT,MANDT,Theobald,Table,Full,base_s4h_cax,I_MaterialPricingGroupText,,,,,,,,,,,,"MaterialPricingGroup, Language",A,,
228,I_MaterialText,6,s4h-caa,TEXT,MANDT,Theobald,Table,Full,base_s4h_cax,I_MaterialText,,,,,,,,,,,,"Material, Language",A,,
229,I_Matlabcclassificationtext,6,s4h-caa,TEXT,MANDT,Theobald,Table,Full,base_s4h_cax,I_Matlabcclassificationtext,,,,,,,,,,,,"MaterialABCClassification, Language",A,,
230,I_OperatingConcernText,6,s4h-caa,TEXT,MANDT,Theobald,Table,Full,base_s4h_cax,I_OperatingConcernText,,,,,,,,,,,,"OperatingConcern, Language",A,,
231,I_OrderCategoryText,6,s4h-caa,TEXT,MANDT,Theobald,Table,Full,base_s4h_cax,I_OrderCategoryText,,,,,,,,,,,,"OrderCategory, Language",A,,
232,I_OverallBillingStatusText,6,s4h-caa,TEXT,MANDT,Theobald,Table,Full,base_s4h_cax,I_OverallBillingStatusText,,,,,,,,,,,,"OverallBillingStatus, Language",A,,
233,I_OverallChmlCmplncStatusText,6,s4h-caa,TEXT,MANDT,Theobald,Table,Full,base_s4h_cax,I_OverallChmlCmplncStatusText,,,,,,,,,,,,"OverallChmlCmplncStatus, Language",A,,
234,I_OverallDelivConfStatusText,6,s4h-caa,TEXT,MANDT,Theobald,Table,Full,base_s4h_cax,I_OverallDelivConfStatusText,,,,,,,,,,,,"OverallDelivConfStatus, Language",A,,
235,I_OverallDeliveryStatusText,6,s4h-caa,TEXT,MANDT,Theobald,Table,Full,base_s4h_cax,I_OverallDeliveryStatusText,,,,,,,,,,,,"OverallDeliveryStatus, Language",A,,
236,I_OverallDelivReltdBillgStsT,6,s4h-caa,TEXT,MANDT,Theobald,Table,Full,base_s4h_cax,I_OverallDelivReltdBillgStsT,,,,,,,,,,,,"OverallDelivReltdBillgStatus, Language",A,,
237,I_OverallGoodsMovementStatusT,6,s4h-caa,TEXT,MANDT,Theobald,Table,Full,base_s4h_cax,I_OverallGoodsMovementStatusT,,,,,,,,,,,,"OverallGoodsMovementStatus, Language",A,,
238,I_OverallPackingStatusText,6,s4h-caa,TEXT,MANDT,Theobald,Table,Full,base_s4h_cax,I_OverallPackingStatusText,,,,,,,,,,,,"OverallPackingStatus, Language",A,,
239,I_OverallPickingConfStatusText,6,s4h-caa,TEXT,MANDT,Theobald,Table,Full,base_s4h_cax,I_OverallPickingConfStatusText,,,,,,,,,,,,"OverallPickingConfStatus, Language",A,,
240,I_OverallPickingStatusText,6,s4h-caa,TEXT,MANDT,Theobald,Table,Full,base_s4h_cax,I_OverallPickingStatusText,,,,,,,,,,,,"OverallPickingStatus, Language",A,,
241,I_OverallProofOfDelivStatusT,6,s4h-caa,TEXT,MANDT,Theobald,Table,Full,base_s4h_cax,I_OverallProofOfDelivStatusT,,,,,,,,,,,,"OverallProofOfDeliveryStatus, Language",A,,
242,I_OverallSDDocReferenceStatusT,6,s4h-caa,TEXT,MANDT,Theobald,Table,Full,base_s4h_cax,I_OverallSDDocReferenceStatusT,,,,,,,,,,,,"OverallSDDocReferenceStatus, Language",A,,
243,I_OverallSDDocumentRjcnStatusT,6,s4h-caa,TEXT,MANDT,Theobald,Table,Full,base_s4h_cax,I_OverallSDDocumentRjcnStatusT,,,,,,,,,,,,"OverallSDDocumentRejectionSts, Language",A,,
244,I_OverallSDProcessStatusText,6,s4h-caa,TEXT,MANDT,Theobald,Table,Full,base_s4h_cax,I_OverallSDProcessStatusText,,,,,,,,,,,,"OverallSDProcessStatus, Language",A,,
245,I_OverallTotalSDDocRefStatusT,6,s4h-caa,TEXT,MANDT,Theobald,Table,Full,base_s4h_cax,I_OverallTotalSDDocRefStatusT,,,,,,,,,,,,"OverallTotalSDDocRefStatus, Language",A,,
246,I_OvrlBillingDocReqStatusText,6,s4h-caa,TEXT,MANDT,Theobald,Table,Full,base_s4h_cax,I_OvrlBillingDocReqStatusText,,,,,,,,,,,,"OverallBillingDocReqStatus, Language",A,,
247,I_OvrlItmBillgIncompltnStsText,6,s4h-caa,TEXT,MANDT,Theobald,Table,Full,base_s4h_cax,I_OvrlItmBillgIncompltnStsText,,,,,,,,,,,,"OvrlItmBillingIncompletionSts, Language",A,,
248,I_OvrlItmDelivIncompletionStsT,6,s4h-caa,TEXT,MANDT,Theobald,Table,Full,base_s4h_cax,I_OvrlItmDelivIncompletionStsT,,,,,,,,,,,,"OvrlItmDelivIncompletionSts, Language",A,,
249,I_OvrlItmGdsMvtIncompltnStsT,6,s4h-caa,TEXT,MANDT,Theobald,Table,Full,base_s4h_cax,I_OvrlItmGdsMvtIncompltnStsT,,,,,,,,,,,,"OvrlItmGdsMvtIncompletionSts, Language",A,,
250,I_OvrlItmGenIncompletionStsT,6,s4h-caa,TEXT,MANDT,Theobald,Table,Full,base_s4h_cax,I_OvrlItmGenIncompletionStsT,,,,,,,,,,,,"OvrlItmGeneralIncompletionSts, Language",A,,
251,I_OvrlItmPackingIncompltnStsT,6,s4h-caa,TEXT,MANDT,Theobald,Table,Full,base_s4h_cax,I_OvrlItmPackingIncompltnStsT,,,,,,,,,,,,"OvrlItmPackingIncompletionSts, Language",A,,
252,I_OvrlItmPickingIncompltnStsT,6,s4h-caa,TEXT,MANDT,Theobald,Table,Full,base_s4h_cax,I_OvrlItmPickingIncompltnStsT,,,,,,,,,,,,"OvrlItmPickingIncompletionSts, Language",A,,
253,I_OvrlWarehouseActyStatusT,6,s4h-caa,TEXT,MANDT,Theobald,Table,Full,base_s4h_cax,I_OvrlWarehouseActyStatusT,,,,,,,,,,,,"OverallWarehouseActivityStatus, Language",A,,
254,I_PackingStatusText,6,s4h-caa,TEXT,MANDT,Theobald,Table,Full,base_s4h_cax,I_PackingStatusText,,,,,,,,,,,,"PackingStatus, Language",A,,
255,I_PaymentBlockingReasonText,6,s4h-caa,TEXT,MANDT,Theobald,Table,Full,base_s4h_cax,I_PaymentBlockingReasonText,,,,,,,,,,,,"Language, PaymentBlockingReason",A,,
256,I_PaymentGuaranteeFormText,6,s4h-caa,TEXT,MANDT,Theobald,Table,Full,base_s4h_cax,I_PaymentGuaranteeFormText,,,,,,,,,,,,"PaymentGuaranteeForm, Language",A,,
257,I_PaymentGuaranteeProcedureT,6,s4h-caa,TEXT,MANDT,Theobald,Table,Full,base_s4h_cax,I_PaymentGuaranteeProcedureT,,,,,,,,,,,,"PaymentGuaranteeProcedure, Language",A,,
258,I_PaymentTermCreditCheckStsT,6,s4h-caa,TEXT,MANDT,Theobald,Table,Full,base_s4h_cax,I_PaymentTermCreditCheckStsT,,,,,,,,,,,,"PaymentTermCreditCheckStatus, Language",A,,
259,I_PaytAuthsnCreditCheckStsText,6,s4h-caa,TEXT,MANDT,Theobald,Table,Full,base_s4h_cax,I_PaytAuthsnCreditCheckStsText,,,,,,,,,,,,"PaytAuthsnCreditCheckSts, Language",A,,
260,I_PickingConfirmationStatusT,6,s4h-caa,TEXT,MANDT,Theobald,Table,Full,base_s4h_cax,I_PickingConfirmationStatusT,,,,,,,,,,,,"PickingConfirmationStatus, Language",A,,
261,I_PickingControlText,6,s4h-caa,TEXT,,Theobald,ODP,Full,base_s4h_cax,I_PickingControlText,,,,,,,,,,,,"PickingControl, Language",A,,
262,I_PickingStatusText,6,s4h-caa,TEXT,MANDT,Theobald,Table,Full,base_s4h_cax,I_PickingStatusText,,,,,,,,,,,,"PickingStatus, Language",A,,
263,I_PlanningStrategyGroupText,6,s4h-caa,TEXT,MANDT,Theobald,Table,Full,base_s4h_cax,I_PlanningStrategyGroupText,,,,,,,,,,,,"PlanningStrategyGroup, Language",A,,
264,I_PlantCategoryT,6,s4h-caa,TEXT,MANDT,Theobald,Table,Full,base_s4h_cax,I_PlantCategoryT,,,,,,,,,,,,"PlantCategory, Language",A,,
265,I_PlngDelivSchedInstrnText,6,s4h-caa,TEXT,MANDT,Theobald,Table,Full,base_s4h_cax,I_PlngDelivSchedInstrnText,,,,,,,,,,,,"PlngDelivSchedInstrn, Language",A,,
266,I_PostingKeyT,6,s4h-caa,TEXT,MANDT,Theobald,ODP,Full,base_s4h_cax,I_PostingKeyT,,,,,,,,,,,,"Language, PostingKey, SpecialGLCode",A,,
267,I_PostingKeyText,6,s4h-caa,TEXT,MANDT,Theobald,ODP,Full,base_s4h_cax,I_PostingKeyText,,,,,,,,,,,,"Language, PostingKey",A,,
268,I_PriceListTypeText,6,s4h-caa,TEXT,MANDT,Theobald,ODP,Full,base_s4h_cax,I_PriceListTypeText,,,,,,,,,,,,"PriceListType, Language",A,,
269,I_PricingIncompletionStatusT,6,s4h-caa,TEXT,MANDT,Theobald,Table,Full,base_s4h_cax,I_PricingIncompletionStatusT,,,,,,,,,,,,"PricingIncompletionStatus, Language",A,,
270,I_ProductCategoryText,6,s4h-caa,TEXT,MANDT,Theobald,Table,Full,base_s4h_cax,I_ProductCategoryText,,,,,,,,,,,,"Language, ProductCategory",A,,
271,I_ProductGroupText,6,s4h-caa,TEXT,MANDT,Theobald,Table,Full,base_s4h_cax,I_ProductGroupText,,,,,,,,,,,,"MaterialGroup, Language",A,,
272,I_ProductGroupText_2,6,s4h-caa,TEXT,MANDT,Theobald,Table,Full,base_s4h_cax,I_ProductGroupText_2,,,,,,,,,,,,"ProductGroup, Language",A,,
273,I_ProductHierarchyText,6,s4h-caa,TEXT,MANDT,Theobald,Table,Full,base_s4h_cax,I_ProductHierarchyText,,,,,,,,,,,,"ProductHierarchy, Language",A,,
274,I_ProductStatusText,6,s4h-caa,TEXT,MANDT,Theobald,Table,Full,base_s4h_cax,I_ProductStatusText,,,,,,,,,,,,"Status, Language",A,,
275,I_ProductTypeText,6,s4h-caa,TEXT,MANDT,Theobald,Table,Full,base_s4h_cax,I_ProductTypeText,,,,,,,,,,,,"ProductType, Language",A,,
276,I_Projecttypetext,6,s4h-caa,TEXT,MANDT,Theobald,Table,Full,base_s4h_cax,I_Projecttypetext,,,,,,,,,,,,"ProjectType, Language",A,,
277,I_ProofOfDeliveryStatusText,6,s4h-caa,TEXT,MANDT,Theobald,Table,Full,base_s4h_cax,I_ProofOfDeliveryStatusText,,,,,,,,,,,,"ProofOfDeliveryStatus, Language",A,,
278,I_ReferenceDocumentTypeText,6,s4h-caa,TEXT,,Theobald,ODP,Full,base_s4h_cax,I_ReferenceDocumentTypeText,,,,,,,,,,,,"ReferenceDocumentType, Language",A,,
279,I_RegionText,6,s4h-caa,TEXT,MANDT,Theobald,ODP,Full,base_s4h_cax,I_RegionText,,,,,,,,,,,,"Country, Region, Language",A,,
280,I_ReturnReasonText,6,s4h-caa,TEXT,MANDT,Theobald,Table,Full,base_s4h_cax,I_ReturnReasonText,,,,,,,,,,,,"ReturnReason, Language",A,,
281,I_ReturnsRefundExtentText,6,s4h-caa,TEXT,MANDT,Theobald,Table,Full,base_s4h_cax,I_ReturnsRefundExtentText,,,,,,,,,,,,"ReturnsRefundExtent, Language",A,,
282,I_SalesDocumentItemCategoryT,6,s4h-caa,TEXT,MANDT,Theobald,ODP,Full,base_s4h_cax,I_SalesDocumentItemCategoryT,,,,,,,,,,,,"SalesDocumentItemCategory, Language",A,,
283,I_SalesDocumentItemTypeText,6,s4h-caa,TEXT,,Theobald,ODP,Full,base_s4h_cax,I_SalesDocumentItemTypeText,,,,,,,,,,,,"SalesDocumentItemType, Language",A,,
284,I_SalesDocumentRjcnReasonText,6,s4h-caa,TEXT,MANDT,Theobald,ODP,Full,base_s4h_cax,I_SalesDocumentRjcnReasonText,,,,,,,,,,,,"SalesDocumentRjcnReason, Language",A,,
285,I_SalesDocumentTypeText,6,s4h-caa,TEXT,MANDT,Theobald,ODP,Full,base_s4h_cax,I_SalesDocumentTypeText,,,,,,,,,,,,"SalesDocumentType, Language",A,,
286,I_SalesGroupText,6,s4h-caa,TEXT,MANDT,Theobald,ODP,Full,base_s4h_cax,I_SalesGroupText,,,,,,,,,,,,"SalesGroup, Language",A,,
287,I_SalesOfficeText,6,s4h-caa,TEXT,MANDT,Theobald,ODP,Full,base_s4h_cax,I_SalesOfficeText,,,,,,,,,,,,"SalesOffice, Language",A,,
288,I_ScheduleLineCategoryText,6,s4h-caa,TEXT,MANDT,Theobald,Table,Full,base_s4h_cax,I_ScheduleLineCategoryText,,,,,,,,,,,,"ScheduleLineCategory, Language",A,,
289,I_ScheduleLineConfStatusText,6,s4h-caa,TEXT,MANDT,Theobald,Table,Full,base_s4h_cax,I_ScheduleLineConfStatusText,,,,,,,,,,,,"ScheduleLineConfirmationStatus, Language",A,,
290,I_SDDocReferenceStatusText,6,s4h-caa,TEXT,MANDT,Theobald,Table,Full,base_s4h_cax,I_SDDocReferenceStatusText,,,,,,,,,,,,"SDDocReferenceStatus, Language",A,,
291,I_SDDocumentCategoryText,6,s4h-caa,TEXT,,Theobald,ODP,Full,base_s4h_cax,I_SDDocumentCategoryText,,,,,,,,,,,,"SDDocumentCategory, Language",A,,
292,I_SDDocumentReasonText,6,s4h-caa,TEXT,MANDT,Theobald,ODP,Full,base_s4h_cax,I_SDDocumentReasonText,,,,,,,,,,,,"SDDocumentReason, Language",A,,
293,I_SDDocumentRejectionStatusT,6,s4h-caa,TEXT,MANDT,Theobald,Table,Full,base_s4h_cax,I_SDDocumentRejectionStatusT,,,,,,,,,,,,"SDDocumentRejectionStatus, Language",A,,
294,I_SDProcessStatusText,6,s4h-caa,TEXT,MANDT,Theobald,Table,Full,base_s4h_cax,I_SDProcessStatusText,,,,,,,,,,,,"SDProcessStatus, Language",A,,
295,I_SemanticTagText,6,s4h-caa,TEXT,MANDT,Theobald,ODP,Full,base_s4h_cax,I_SemanticTagText,,,,,,,,,,,,"Language, SemanticTag",A,,
296,I_ServiceDocumentTypeText,6,s4h-caa,TEXT,MANDT,Theobald,Table,Full,base_s4h_cax,I_ServiceDocumentTypeText,,,,,,,,,,,,"ServiceDocumentType, Language",A,,
297,I_ShippingConditionText,6,s4h-caa,TEXT,MANDT,Theobald,Table,Full,base_s4h_cax,I_ShippingConditionText,,,,,,,,,,,,"ShippingCondition, Language",A,,
298,I_ShippingPointText,6,s4h-caa,TEXT,MANDT,Theobald,ODP,Full,base_s4h_cax,I_ShippingPointText,,,,,,,,,,,,"ShippingPoint, Language",A,,
299,I_ShippingTypeText,6,s4h-caa,TEXT,MANDT,Theobald,Table,Full,base_s4h_cax,I_ShippingTypeText,,,,,,,,,,,,"ShippingType, Language",A,,
300,I_SourceOfSupplyCategoryT,6,s4h-caa,TEXT,MANDT,Theobald,Table,Full,base_s4h_cax,I_SourceOfSupplyCategoryT,,,,,,,,,,,,"SourceOfSupplyCategory, Language",A,,
301,I_SpecialGLCodeText,6,s4h-caa,TEXT,MANDT,Theobald,ODP,Full,base_s4h_cax,I_SpecialGLCodeText,,,,,,,,,,,,"FinancialAccountType, SpecialGLCode, Language",A,,
302,I_StockCategoryText,6,s4h-caa,TEXT,MANDT,Theobald,Table,Full,base_s4h_cax,I_StockCategoryText,,,,,,,,,,,,"WarehouseStockCategory, Language",A,,
303,I_StockTypeText,6,s4h-caa,TEXT,MANDT,Theobald,Table,Full,base_s4h_cax,I_StockTypeText,,,,,,,,,,,,"StockType, Language",A,,
304,I_SubLedgerAccLineItemTypeT,6,s4h-caa,TEXT,,Theobald,ODP,Full,base_s4h_cax,I_SubLedgerAccLineItemTypeT,,,,,,,,,,,,"SubLedgerAcctLineItemType, Language",A,,
305,I_SupplierAccountGroupText,6,s4h-caa,TEXT,MANDT,Theobald,Table,Full,base_s4h_cax,I_SupplierAccountGroupText,,,,,,,,,,,,"Language, SupplierAccountGroup",A,,
306,I_SupplierIndustryText,6,s4h-caa,TEXT,MANDT,Theobald,Table,Full,base_s4h_cax,I_SupplierIndustryText,,,,,,,,,,,,"Language, SupplierIndustry",A,,
307,I_TextObjectPlainLongText,6,s4h-caa,TEXT,MANDT,Theobald,Table,Full,base_s4h_cax,I_TextObjectPlainLongText,,,,,,,,,,,,"TextObjectCategory, TextObjectType, TextObjectKey, Language",A,,
308,I_TotalBlockStatusText,6,s4h-caa,TEXT,MANDT,Theobald,Table,Full,base_s4h_cax,I_TotalBlockStatusText,,,,,,,,,,,,"TotalBlockStatus, Language",A,,
309,I_TotalCreditCheckStatusText,6,s4h-caa,TEXT,MANDT,Theobald,Table,Full,base_s4h_cax,I_TotalCreditCheckStatusText,,,,,,,,,,,,"TotalCreditCheckStatus, Language",A,,
310,I_TotalDeliveryStatusText,6,s4h-caa,TEXT,MANDT,Theobald,Table,Full,base_s4h_cax,I_TotalDeliveryStatusText,,,,,,,,,,,,"TotalDeliveryStatus, Language",A,,
311,I_TotalSDDocReferenceStatusT,6,s4h-caa,TEXT,MANDT,Theobald,Table,Full,base_s4h_cax,I_TotalSDDocReferenceStatusT,,,,,,,,,,,,"TotalSDDocReferenceStatus, Language",A,,
312,I_UnitOfMeasureText,6,s4h-caa,TEXT,MANDT,Theobald,ODP,Full,base_s4h_cax,I_UnitOfMeasureText,,,,,,,,,,,,"Language, UnitOfMeasure",A,,
313,I_WarehouseActivityStatusText,6,s4h-caa,TEXT,MANDT,Theobald,Table,Full,base_s4h_cax,I_WarehouseActivityStatusText,,,,,,,,,,,,"WarehouseActivityStatus, Language",A,,
314,I_WarehouseGateText,6,s4h-caa,TEXT,MANDT,Theobald,Table,Full,base_s4h_cax,I_WarehouseGateText,,,,,,,,,,,,"Warehouse, WarehouseGate, Language",A,,
315,I_WarehouseStagingAreaText,6,s4h-caa,TEXT,MANDT,Theobald,Table,Full,base_s4h_cax,I_WarehouseStagingAreaText,,,,,,,,,,,,"Warehouse, WarehouseStagingArea, Language",A,,
316,I_WarehouseText,6,s4h-caa,TEXT,MANDT,Theobald,Table,Full,base_s4h_cax,I_WarehouseText,,,,,,,,,,,,"Warehouse, Language",A,,
317,I_WorkCenterText,6,s4h-caa,TEXT,MANDT,Theobald,ODP,Full,base_s4h_cax,I_WorkCenterText,,,,,,,,,,,,"WorkCenterTypeCode, WorkCenterInternalID, Language",A,,
318,I_OverallTotalDeliveryStatusT,6,s4h-caa,TEXT,MANDT,Theobald,Table,Full,base_s4h_cax,I_OverallTotalDeliveryStatusT,,,,,,,,,,,,"OverallTotalDeliveryStatus, Language",A,,
319,I_DeliveryDocument,6,s4h-caa,DIMENSION,MANDT,Theobald,ODP,Full,base_s4h_cax,I_DeliveryDocument,,,,,,,,,,,,DeliveryDocument,A,,
320,I_PaymentTermsConditions,6,s4h-caa,DIMENSION,,Theobald,ODP,Full,base_s4h_cax,I_PaymentTermsConditions,,,,,,,,,,,,PaymentTerms,A,,
321,dim_AccountingDocumentType,4,,,,,,,,,,,,,edw,sp_materialize_view,edw,vw_AccountingDocumentType,edw,dim_AccountingDocumentType,0,,A,00:00.0,
322,dim_BillingBlockStatus,4,,,,,,,,,,,,,edw,sp_materialize_view,edw,vw_BillingBlockStatus,edw,dim_BillingBlockStatus,0,,A,00:00.0,
323,dim_BillingDocumentCategory,4,,,,,,,,,,,,,edw,sp_materialize_view,edw,vw_BillingDocumentCategory,edw,dim_BillingDocumentCategory,0,,A,00:00.0,
324,dim_BillingDocumentItemPrcgElmnt,4,,,,,,,,,,,,,edw,sp_materialize_view,edw,vw_BillingDocumentItemPrcgElmnt,edw,dim_BillingDocumentItemPrcgElmnt,0,,A,00:00.0,
325,dim_BillingDocumentType,4,,,,,,,,,,,,,edw,sp_materialize_view,edw,vw_BillingDocumentType,edw,dim_BillingDocumentType,0,,A,00:00.0,
326,dim_Calendar,4,,,,,,,,,,,,,edw,sp_materialize_view,edw,vw_Calendar,edw,dim_Calendar,0,,A,00:00.0,
327,dim_CompanyCode,4,,,,,,,,,,,,,edw,sp_materialize_view,edw,vw_CompanyCode,edw,dim_CompanyCode,0,,A,00:00.0,
328,dim_Country,4,,,,,,,,,,,,,edw,sp_materialize_view,edw,vw_Country,edw,dim_Country,0,,A,00:00.0,
329,dim_Currency,4,,,,,,,,,,,,,edw,sp_materialize_view,edw,vw_Currency,edw,dim_Currency,0,,A,00:00.0,
330,dim_CurrencyType,4,,,,,,,,,,,,,edw,sp_materialize_view,edw,vw_CurrencyType,edw,dim_CurrencyType,0,,A,00:00.0,
331,dim_CustomerGroup,4,,,,,,,,,,,,,edw,sp_materialize_view,edw,vw_CustomerGroup,edw,dim_CustomerGroup,0,,A,00:00.0,
332,dim_CustomerPriceGroup,4,,,,,,,,,,,,,edw,sp_materialize_view,edw,vw_CustomerPriceGroup,edw,dim_CustomerPriceGroup,0,,A,00:00.0,
333,dim_CustomerReturnDeliveryItem,4,,,,,,,,,,,,,edw,sp_materialize_view,edw,vw_CustomerReturnDeliveryItem,edw,dim_CustomerReturnDeliveryItem,1,,A,00:00.0,
334,dim_DeliveryBlockStatus,4,,,,,,,,,,,,,edw,sp_materialize_view,edw,vw_DeliveryBlockStatus,edw,dim_DeliveryBlockStatus,0,,A,00:00.0,
335,dim_DeliveryDocumentType,4,,,,,,,,,,,,,edw,sp_materialize_view,edw,vw_DeliveryDocumentType,edw,dim_DeliveryDocumentType,0,,A,00:00.0,
336,dim_DistributionChannel,4,,,,,,,,,,,,,edw,sp_materialize_view,edw,vw_DistributionChannel,edw,dim_DistributionChannel,0,,A,00:00.0,
337,dim_ExchangeRates,4,,,,,,,,,,,,,edw,sp_materialize_view,edw,vw_ExchangeRates,edw,dim_ExchangeRates,0,,A,00:00.0,
338,dim_FinancialTransactionTypeT,4,,,,,,,,,,,,,edw,sp_materialize_view,edw,vw_FinancialTransactionTypeT,edw,dim_FinancialTransactionTypeT,0,,A,00:00.0,
339,dim_GLAccountInChartOfAccounts,4,,,,,,,,,,,,,edw,sp_materialize_view,edw,vw_GLAccountLineItemRawData,edw,dim_GLAccountInChartOfAccounts,0,,A,00:00.0,
340,dim_ItemBillingIncompletionStatus,4,,,,,,,,,,,,,edw,sp_materialize_view,edw,vw_ItemBillingIncompletionStatus,edw,dim_ItemBillingIncompletionStatus,0,,A,00:00.0,
341,dim_ItemDeliveryIncompletionStatus,4,,,,,,,,,,,,,edw,sp_materialize_view,edw,vw_ItemDeliveryIncompletionStatus,edw,dim_ItemDeliveryIncompletionStatus,0,,A,00:00.0,
342,dim_ItemGeneralIncompletionStatus,4,,,,,,,,,,,,,edw,sp_materialize_view,edw,vw_ItemGeneralIncompletionStatus,edw,dim_ItemGeneralIncompletionStatus,0,,A,00:00.0,
343,dim_MaterialGroup,4,,,,,,,,,,,,,edw,sp_materialize_view,edw,vw_MaterialGroup,edw,dim_MaterialGroup,0,,A,00:00.0,
344,dim_OutboundDeliveryItem,4,,,,,,,,,,,,,edw,sp_materialize_view,edw,vw_OutboundDeliveryItem,edw,dim_OutboundDeliveryItem,0,,A,00:00.0,
345,dim_OverallSDDocReferenceStatus,4,,,,,,,,,,,,,edw,sp_materialize_view,edw,vw_OverallSDDocReferenceStatus,edw,dim_OverallSDDocReferenceStatus,0,,A,00:00.0,
346,dim_OverallSDDocumentRjcnStatus,4,,,,,,,,,,,,,edw,sp_materialize_view,edw,vw_OverallSDDocumentRjcnStatus,edw,dim_OverallSDDocumentRjcnStatus,0,,A,00:00.0,
347,dim_OverallSDProcessStatus,4,,,,,,,,,,,,,edw,sp_materialize_view,edw,vw_OverallSDProcessStatus,edw,dim_OverallSDProcessStatus,0,,A,00:00.0,
348,dim_OverallTotalDeliveryStatus,4,,,,,,,,,,,,,edw,sp_materialize_view,edw,vw_OverallTotalDeliveryStatus,edw,dim_OverallTotalDeliveryStatus,0,,A,00:00.0,
349,dim_OverallTotalSDDocRefStatus,4,,,,,,,,,,,,,edw,sp_materialize_view,edw,vw_OverallTotalSDDocRefStatus,edw,dim_OverallTotalSDDocRefStatus,0,,A,00:00.0,
350,dim_PostingKey,4,,,,,,,,,,,,,edw,sp_materialize_view,edw,vw_PostingKey,edw,dim_PostingKey,0,,A,00:00.0,
351,dim_PriceListType,4,,,,,,,,,,,,,edw,sp_materialize_view,edw,vw_PriceListType,edw,dim_PriceListType,0,,A,00:00.0,
352,dim_PricingIncompletionStatus,4,,,,,,,,,,,,,edw,sp_materialize_view,edw,vw_PricingIncompletionStatus,edw,dim_PricingIncompletionStatus,0,,A,00:00.0,
353,dim_ProductSalesDelivery,4,,,,,,,,,,,,,edw,sp_materialize_view,edw,vw_ProductSalesDelivery,edw,dim_ProductSalesDelivery,0,,A,00:00.0,
354,dim_SalesDocumentItemCategory,4,,,,,,,,,,,,,edw,sp_materialize_view,edw,vw_SalesDocumentItemCategory,edw,dim_SalesDocumentItemCategory,0,,A,00:00.0,
355,dim_SalesDocumentItemType,4,,,,,,,,,,,,,edw,sp_materialize_view,edw,vw_SalesDocumentItemType,edw,dim_SalesDocumentItemType,0,,A,00:00.0,
356,dim_SalesDocumentRjcnReason,4,,,,,,,,,,,,,edw,sp_materialize_view,edw,vw_SalesDocumentRjcnReason,edw,dim_SalesDocumentRjcnReason,0,,A,00:00.0,
357,dim_SalesDocumentType,4,,,,,,,,,,,,,edw,sp_materialize_view,edw,vw_SalesDocumentType,edw,dim_SalesDocumentType,0,,A,00:00.0,
358,dim_SalesOffice,4,,,,,,,,,,,,,edw,sp_materialize_view,edw,vw_SalesOffice,edw,dim_SalesOffice,0,,A,00:00.0,
359,dim_SDDocReferenceStatus,4,,,,,,,,,,,,,edw,sp_materialize_view,edw,vw_SDDocReferenceStatus,edw,dim_SDDocReferenceStatus,0,,A,00:00.0,
360,dim_SDDocumentCategory,4,,,,,,,,,,,,,edw,sp_materialize_view,edw,vw_SDDocumentCategory,edw,dim_SDDocumentCategory,0,,A,00:00.0,
361,dim_SDDocumentReason,4,,,,,,,,,,,,,edw,sp_materialize_view,edw,vw_SDDocumentReason,edw,dim_SDDocumentReason,0,,A,00:00.0,
362,dim_SDDocumentRejectionStatus,4,,,,,,,,,,,,,edw,sp_materialize_view,edw,vw_SDDocumentRejectionStatus,edw,dim_SDDocumentRejectionStatus,0,,A,00:00.0,
363,dim_SDProcessStatus,4,,,,,,,,,,,,,edw,sp_materialize_view,edw,vw_SDProcessStatus,edw,dim_SDProcessStatus,0,,A,00:00.0,
364,dim_StatusObjectStatus,4,,,,,,,,,,,,,edw,sp_materialize_view,edw,vw_StatusObjectStatus,edw,dim_StatusObjectStatus,0,,A,00:00.0,
365,dim_Supplier,4,,,,,,,,,,,,,edw,sp_materialize_view,edw,vw_Supplier,edw,dim_Supplier,0,,A,00:00.0,
366,dim_TotalCreditCheckStatus,4,,,,,,,,,,,,,edw,sp_materialize_view,edw,vw_TotalCreditCheckStatus,edw,dim_TotalCreditCheckStatus,0,,A,00:00.0,
367,dim_TotalSDDocReferenceStatus,4,,,,,,,,,,,,,edw,sp_materialize_view,edw,vw_TotalSDDocReferenceStatus,edw,dim_TotalSDDocReferenceStatus,0,,A,00:00.0,
368,dim_UnitOfMeasure,4,,,,,,,,,,,,,edw,sp_materialize_view,edw,vw_UnitOfMeasure,edw,dim_UnitOfMeasure,0,,A,00:00.0,
369,dim_Warehouse,4,,,,,,,,,,,,,edw,sp_materialize_view,edw,vw_Warehouse,edw,dim_Warehouse,0,,A,00:00.0,
370,fact_GLAccountLineItemRawData,4,,,,,,,,,,,,,edw,sp_load_fact_GLAccountLineItemRawData,edw,,edw,,1,,,00:00.0,
371,I_CalendarMonthName,6,s4h-caa,TEXT,,Theobald,ODP,Full,base_s4h_cax,I_CalendarMonthName,,,,,,,,,,,,CalendarMonth,A,,
372,FACT_HGPLUM,5,dw-halfen-2-dwh-uat,,,,,,base_dw_halfen_2_dwh,FACT_HGPLUM,,DW_HALFEN_2_DWH_UAT,dbo,,,,,,,,,DW_Id,A,00:00.0,
373,fact_BillingBudget,4,,,,,,,,,,,,,edw,sp_materialize_view,edw,vw_BillingBudget,edw,fact_BillingBudget,1,,,00:00.0,
374,dim_SAPItemNumberBasicMappingTable,4,,,,,,,,,,,,,edw,sp_materialize_view,edw,vw_SAPItemNumberBasicMappingTable,edw,dim_SAPItemNumberBasicMappingTable,0,,A,00:00.0,
376,DIM_CUSTOMER,5,dw-halfen-2-dwh-uat,,,,,,base_dw_halfen_2_dwh,DIM_CUSTOMER,,DW_HALFEN_2_DWH_UAT,dbo,,,,,,,,,,D,,
377,dim_ValueType,4,,,,,,,,,,,,,edw,sp_materialize_view,edw,vw_ValueType,edw,dim_ValueType,0,,D,00:00.0,
378,BUDGET,5,tx-ca-0-hlp-uat,,,,,,base_tx_ca_0_hlp,BUDGET,,TX_CA_0_HLP_UAT,dbo,,,,,,,,,,,00:00.0,
379,fact_Budget_axbi,4,,,,,,,,,,,,,edw,sp_load_fact_Budget_axbi,edw,,edw,,0,,,00:00.0,
380,dim_CustomerCalculated_US,4,,,,,,,,,,,,,edw,sp_materialize_view,edw,vw_CustomerCalculated_US,edw,dim_CustomerCalculated_US,0,,A,00:00.0,
381,dim_ProductCalculated_US,4,,,,,,,,,,,,,edw,sp_materialize_view,edw,vw_ProductCalculated_US,edw,dim_ProductCalculated_US,0,,A,00:00.0,
382,dim_SalesOrganization_US,4,,,,,,,,,,,,,edw,sp_materialize_view,edw,vw_SalesOrganization_US,edw,dim_SalesOrganization_US,0,,A,00:00.0,
383,fact_BillingDocumentItem_US,4,,,,,,,,,,,,,edw,sp_materialize_view,edw,vw_BillingDocumentItem_US,edw,fact_BillingDocumentItem_US,0,,A,00:00.0,
384,dim_SAPCustomerBasicMappingTable,4,,,,,,,,,,,,,edw,sp_materialize_view,edw,vw_SAPCustomerBasicMappingTable,edw,dim_SAPCustomerBasicMappingTable,0,,A,00:00.0,
385,dim_AXProductSAPHierarchy,4,,,,,,,,,,,,,edw,sp_materialize_view,edw,vw_AXProductSAPHierarchy,edw,dim_AXProductSAPHierarchy,1,,A,00:00.0,
386,C_BillingDocumentItemBasicDEX,6,s4h-caa,FACT,MANDT,Theobald,ODP,Delta,base_s4h_cax,C_BillingDocumentItemBasicDEX_delta,sp_load_C_BillingDocumentItemBasicDEX,,,,,,,,,,,"TS_SEQUENCE_NUMBER, BillingDocument, BillingDocumentItem",A,,
387,C_SalesDocumentItemDEX,6,s4h-caa,FACT,MANDT,Theobald,ODP,Delta,base_s4h_cax,C_SalesDocumentItemDEX_delta,sp_load_C_SalesDocumentItemDEX,,,,,,,,,,,"TS_SEQUENCE_NUMBER, SalesDocument, SalesDocumentItem",A,,
388,CUSTOMERS,7,leviat-db-us,,,,,,base_us_leviat_db,CUSTOMERS,,LEVIAT_DB,LEVIAT_PRODVIEW,,,,,,,,,"COMP, CUSTOMER",D,,
389,CUSTOMER_SALES,7,leviat-db-us,,,,,,base_us_leviat_db,CUSTOMER_SALES,,LEVIAT_DB,LEVIAT_PRODVIEW,"""Inv Date""",,,,,,,,,D,,
390,COMPANIES,7,leviat-db-us,,,,,,base_us_leviat_db,COMPANIES,,LEVIAT_DB,LEVIAT_PRODVIEW,,,,,,,,,COMP,D,,
391,ITEM_GROUPS,7,leviat-db-us,,,,,,base_us_leviat_db,ITEM_GROUPS,,LEVIAT_DB,LEVIAT_PRODVIEW,,,,,,,,,"COMP, ItemGroup",D,,
392,ITEMS,7,leviat-db-us,,,,,,base_us_leviat_db,ITEMS,,LEVIAT_DB,LEVIAT_PRODVIEW,,,,,,,,,,D,,
393,fact_SalesDocItem_SAPSnapshotMonthly,4,,,,,,,,,,,,,edw,sp_load_fact_SalesDocItem_SAPSnapshotMonthly,edw,,edw,,2,,M,,1
394,dim_Brand,4,,,,,,,,,,,,,edw,sp_materialize_view,edw,vw_Brand,edw,dim_Brand,0,,D,00:00.0,
395,TVRO,6,s4h-caa,DIMENSION,MANDT,Theobald,Table,Full,base_s4h_cax,TVRO,,,,,,,,,,,,ROUTE,D,00:00.0,
396,TVROT,6,s4h-caa,TEXT,MANDT,Theobald,Table,Full,base_s4h_cax,TVROT,,,,,,,,,,,,"SPRAS, ROUTE",D,00:00.0,
397,dim_Route,4,,,,,,,,,,,,,edw,sp_materialize_view,edw,vw_Route,edw,dim_Route,0,,D,00:00.0,
398,dim_DataQualityCode,4,,,,,,,,,,,,,edw,sp_materialize_view,edw,vw_DataQualityCode,edw,dim_DataQualityCode,0,,A,00:00.0,
399,dim_ShippingPoint,4,,,,,,,,,,,,,edw,sp_materialize_view,edw,vw_ShippingPoint,edw,dim_ShippingPoint,0,,D,00:00.0,
